open_timestamp_utc,close_timestamp_utc,open,high,low,close,volume
1555689600,1555693199,0.089006,0.089237,0.087931,0.087931,19394
1555693200,1555696799,0.088761,0.089544,0.08876,0.089209,17
1555696800,1555700399,0.089209,0.089209,0.087501,0.087501,50614
1555700400,1555703999,0.088338,0.08848,0.0883,0.0883,585
1555704000,1555707599,0.087923,0.087923,0.087713,0.087813,292
1555707600,1555711199,0.087813,0.087813,0.087709,0.087709,9
1555714800,1555718399,0.088265,0.088265,0.088265,0.088265,7
1555718400,1555721999,0.088323,0.088323,0.088323,0.088323,131
1555722000,1555725599,0.088552,0.088552,0.088552,0.088552,4500
1555729200,1555732799,0.088566,0.088566,0.088566,0.088566,500
1555732800,1555736399,0.08871,0.089236,0.08871,0.089236,12216
1555736400,1555739999,0.08926,0.089288,0.08909,0.089286,8950
1555740000,1555743599,0.089292,0.089861,0.089292,0.089861,301
1555747200,1555750799,0.08975,0.08975,0.08975,0.08975,900
1555750800,1555754399,0.089864,0.090607,0.089864,0.090607,3697
1555758000,1555761599,0.0905,0.0905,0.0905,0.0905,79
1555761600,1555765199,0.09065,0.09065,0.09065,0.09065,10123
1555768800,1555772399,0.091621,0.091989,0.091544,0.091989,4201
1555772400,1555775999,0.092167,0.092569,0.092167,0.0924,4623
1555776000,1555779599,0.09241,0.09241,0.0923,0.0924,9948
1555779600,1555783199,0.092401,0.092401,0.09239,0.09239,5670
1555783200,1555786799,0.092568,0.092571,0.09239,0.09239,2006
1555786800,1555790399,0.09239,0.0924,0.09239,0.0924,4590
1555790400,1555793999,0.0925,0.093,0.09244,0.093,2975
1555794000,1555797599,0.093001,0.093138,0.093,0.09305,16382
1555797600,1555801199,0.094,0.095361,0.093056,0.09325,44710
1555801200,1555804799,0.09325,0.09325,0.09325,0.09325,2440
1555808400,1555811999,0.095137,0.098597,0.095137,0.096112,23195
1555812000,1555815599,0.096501,0.096501,0.096113,0.096382,38205
1555815600,1555819199,0.097351,0.097927,0.097351,0.097927,2085
1555819200,1555822799,0.09872,0.09872,0.096028,0.096223,30986
1555822800,1555826399,0.096501,0.097211,0.095511,0.095511,13817
1555826400,1555829999,0.0956,0.0959,0.095358,0.095551,31076
1555830000,1555833599,0.09604,0.097194,0.095596,0.09672,4617
1555833600,1555837199,0.095952,0.095952,0.0915,0.0915,234663
1555837200,1555840799,0.09209,0.09209,0.08892,0.089422,36363
1555840800,1555844399,0.089422,0.090495,0.087782,0.090495,4522
1555844400,1555847999,0.08941,0.08941,0.088691,0.088691,568
1555848000,1555851599,0.087938,0.088739,0.087,0.088739,776
1555851600,1555855199,0.08877,0.088771,0.08877,0.088771,362
1555855200,1555858799,0.088486,0.088486,0.088486,0.088486,10000
1555858800,1555862399,0.089093,0.089234,0.089093,0.08912,9659
1555862400,1555865999,0.089238,0.090254,0.089238,0.089967,5457
1555866000,1555869599,0.090262,0.091385,0.090262,0.091113,3443
1555869600,1555873199,0.091114,0.092,0.091113,0.091388,46
1555873200,1555876799,0.0915,0.0915,0.0915,0.0915,550
1555876800,1555880399,0.09213,0.09213,0.092,0.092,10714
1555880400,1555883999,0.091502,0.091502,0.091502,0.091502,3843
1555884000,1555887599,0.09215,0.092865,0.09215,0.092865,1495
1555887600,1555891199,0.092877,0.093148,0.092877,0.093104,16882
1555891200,1555894799,0.094,0.094,0.094,0.094,5
1555894800,1555898399,0.093703,0.093703,0.093701,0.093701,3244
1555898400,1555901999,0.093703,0.093703,0.09287,0.092888,53865
1555902000,1555905599,0.092872,0.092892,0.090573,0.090967,20566
1555905600,1555909199,0.0906,0.0906,0.0902,0.0902,3588
1555909200,1555912799,0.0902,0.090799,0.0902,0.0902,64645
1555912800,1555916399,0.0902,0.0902,0.0902,0.0902,36358
1555916400,1555919999,0.090484,0.090484,0.089648,0.089648,1613
1555920000,1555923599,0.089175,0.08965,0.089172,0.089341,2243
1555923600,1555927199,0.089725,0.090236,0.089725,0.090065,20
1555927200,1555930799,0.090341,0.090785,0.090341,0.090785,490
1555930800,1555934399,0.090786,0.09088,0.090786,0.09088,22
1555938000,1555941599,0.09063,0.09063,0.09063,0.09063,12
1555941600,1555945199,0.0904,0.0904,0.09,0.090033,2426
1555945200,1555948799,0.090033,0.090976,0.08912,0.08985,35441
1555948800,1555952399,0.089546,0.089546,0.08872,0.08872,7
1555952400,1555955999,0.088922,0.089642,0.088921,0.089455,213
1555956000,1555959599,0.088509,0.088706,0.087714,0.088104,18257
1555959600,1555963199,0.088387,0.088847,0.088384,0.088659,10901
1555966800,1555970399,0.089,0.089,0.088999,0.088999,1641
1555974000,1555977599,0.08902,0.089428,0.08902,0.089428,14400
1555977600,1555981199,0.089428,0.089428,0.089428,0.089428,224
1555981200,1555984799,0.089517,0.08972,0.089517,0.08972,2301
1555984800,1555988399,0.08983,0.08983,0.089434,0.089434,27726
1555988400,1555991999,0.08911,0.089114,0.08882,0.08882,1668
1555992000,1555995599,0.0887,0.090422,0.0886,0.0892,48741
1555995600,1555999199,0.089361,0.089362,0.089361,0.089362,2
1555999200,1556002799,0.089409,0.089409,0.089213,0.089213,1126
1556002800,1556006399,0.089401,0.089428,0.0894,0.089428,733
1556006400,1556009999,0.089999,0.09,0.089385,0.089385,570
1556010000,1556013599,0.089865,0.089865,0.089865,0.089865,210
1556013600,1556017199,0.089415,0.092914,0.089413,0.092914,53364
1556017200,1556020799,0.092474,0.092915,0.092474,0.092915,332
1556020800,1556024399,0.092915,0.0934,0.092623,0.092928,8730
1556024400,1556027999,0.091987,0.091987,0.091104,0.09116,2174
1556028000,1556031599,0.091104,0.091107,0.09105,0.091107,6246
1556031600,1556035199,0.091283,0.091336,0.090726,0.091097,5751
1556035200,1556038799,0.090725,0.0912,0.090623,0.0912,22763
1556038800,1556042399,0.0912,0.0912,0.09034,0.09034,9950
1556046000,1556049599,0.09016,0.09016,0.08969,0.08969,4855
1556049600,1556053199,0.089996,0.0902,0.089996,0.0902,80000
1556053200,1556056799,0.089686,0.089686,0.089308,0.089308,20154
1556056800,1556060399,0.089308,0.090349,0.088969,0.089803,3458
1556060400,1556063999,0.090283,0.0912,0.08892,0.089543,103822
1556067600,1556071199,0.08879,0.08879,0.08688,0.08688,34512
1556071200,1556074799,0.087016,0.087052,0.086789,0.086789,526
1556074800,1556078399,0.087209,0.087209,0.086789,0.087,15816
1556082000,1556085599,0.087119,0.087119,0.0863,0.087106,13230
1556085600,1556089199,0.086239,0.087018,0.085743,0.085743,2693
1556089200,1556092799,0.085851,0.085851,0.083126,0.083126,13679
1556092800,1556096399,0.084045,0.084045,0.0823,0.0823,4220
1556096400,1556099999,0.0827,0.0827,0.0823,0.0823,5217
1556100000,1556103599,0.082333,0.082399,0.082,0.082001,6839
1556103600,1556107199,0.082001,0.082001,0.081,0.081,5960
1556107200,1556110799,0.081973,0.082346,0.081973,0.082346,9456
1556110800,1556114399,0.0823,0.08268,0.0823,0.0823,12683
1556114400,1556117999,0.082,0.082,0.081666,0.081666,3261
1556118000,1556121599,0.082316,0.083414,0.082147,0.08259,15464
1556121600,1556125199,0.082003,0.082003,0.081,0.081,60280
1556125200,1556128799,0.080489,0.080489,0.079489,0.079489,14919
1556132400,1556135999,0.08,0.08115,0.079987,0.08115,2321
1556139600,1556143199,0.08115,0.08115,0.08115,0.08115,100
1556143200,1556146799,0.08114,0.08114,0.080838,0.080838,1927
1556146800,1556150399,0.081001,0.081001,0.08083,0.080831,5338
1556150400,1556153999,0.08104,0.08115,0.08104,0.08115,39209
1556154000,1556157599,0.081629,0.081629,0.081629,0.081629,13000
1556157600,1556161199,0.08163,0.08199,0.081248,0.081249,11010
1556161200,1556164799,0.081,0.081,0.081,0.081,1080
1556172000,1556175599,0.0809,0.081339,0.080271,0.080271,2916
1556179200,1556182799,0.080711,0.080711,0.080711,0.080711,50
1556182800,1556186399,0.080272,0.080272,0.079984,0.079984,3918
1556186400,1556189999,0.080828,0.081477,0.080828,0.081477,200
1556190000,1556193599,0.08147,0.08147,0.0814,0.0814,3250
1556193600,1556197199,0.081597,0.0817,0.081597,0.0817,89
1556208000,1556211599,0.081504,0.081504,0.081504,0.081504,3157
1556215200,1556218799,0.081708,0.081708,0.0809,0.0809,6332
1556218800,1556222399,0.0809,0.0809,0.080617,0.080636,374
1556222400,1556225999,0.080525,0.080526,0.07979,0.07979,3815
1556226000,1556229599,0.08,0.08,0.078148,0.078333,30039
1556229600,1556233199,0.078333,0.078336,0.071181,0.072552,39173
1556233200,1556236799,0.07264,0.072845,0.072001,0.072845,28234
1556236800,1556240399,0.07201,0.07201,0.07,0.0704,93974
1556240400,1556243999,0.071142,0.071425,0.071142,0.071425,635
1556244000,1556247599,0.071747,0.071751,0.071401,0.071459,136
1556247600,1556251199,0.071875,0.072384,0.071875,0.072384,21743
1556251200,1556254799,0.0719,0.072552,0.0719,0.07227,5359
1556254800,1556258399,0.071605,0.071605,0.071605,0.071605,3000
1556258400,1556261999,0.07161,0.071611,0.070953,0.070959,2594
1556269200,1556272799,0.0713,0.0713,0.0713,0.0713,900
1556272800,1556276399,0.071836,0.07246,0.071626,0.071681,15146
1556276400,1556279999,0.0725,0.0725,0.0725,0.0725,100
1556280000,1556283599,0.07251,0.07251,0.072332,0.072332,1067
1556283600,1556287199,0.072502,0.07312,0.0723,0.0723,46726
1556290800,1556294399,0.0722,0.0722,0.071303,0.071602,3392
1556294400,1556297999,0.070586,0.070586,0.07,0.0702,7448
1556298000,1556301599,0.070644,0.0707,0.070199,0.0707,3253
1556301600,1556305199,0.0707,0.0707,0.0707,0.0707,5
1556305200,1556308799,0.070449,0.070449,0.06992,0.06992,1998
1556308800,1556312399,0.070699,0.071243,0.070699,0.071243,12941
1556312400,1556315999,0.071245,0.071304,0.071245,0.071304,224
1556316000,1556319599,0.071312,0.072151,0.071312,0.072151,291
1556319600,1556323199,0.072152,0.073976,0.0718,0.072778,57686
1556323200,1556326799,0.072248,0.072248,0.072248,0.072248,200
1556326800,1556330399,0.071871,0.071871,0.071869,0.071869,202
1556334000,1556337599,0.072148,0.072148,0.072148,0.072148,1
1556337600,1556341199,0.071869,0.071869,0.071869,0.071869,2
1556352000,1556355599,0.072378,0.072379,0.072377,0.072379,2779
1556359200,1556362799,0.072379,0.07238,0.072379,0.07238,13382
1556366400,1556369999,0.072384,0.072384,0.072,0.072,17168
1556380800,1556384399,0.0725,0.072767,0.0725,0.072767,2742
1556384400,1556387999,0.072983,0.072983,0.072983,0.072983,2872
1556391600,1556395199,0.073556,0.0737,0.0725,0.073519,7483
1556395200,1556398799,0.073519,0.073519,0.073519,0.073519,4831
1556398800,1556402399,0.073907,0.073917,0.073907,0.073917,2669
1556406000,1556409599,0.073952,0.07521,0.073952,0.07521,2282
1556409600,1556413199,0.073508,0.073811,0.073508,0.073811,304
1556413200,1556416799,0.078056,0.078056,0.073802,0.074457,143665
1556416800,1556420399,0.074451,0.074451,0.073234,0.073237,4690
1556420400,1556423999,0.073408,0.073452,0.073129,0.073129,5565
1556424000,1556427599,0.0735,0.073756,0.073485,0.073756,4904
1556431200,1556434799,0.073505,0.073505,0.073485,0.073485,3147
1556434800,1556438399,0.073556,0.073556,0.073487,0.073487,3264
1556438400,1556441999,0.074241,0.074241,0.074241,0.074241,1373
1556442000,1556445599,0.074,0.074,0.074,0.074,650
1556449200,1556452799,0.074303,0.074417,0.074303,0.074417,209
1556452800,1556456399,0.074415,0.074415,0.0744,0.0744,76
1556460000,1556463599,0.074267,0.074267,0.074267,0.074267,1363
1556463600,1556467199,0.0739,0.0739,0.0739,0.0739,3800
1556467200,1556470799,0.073984,0.073984,0.073592,0.073592,1186
1556474400,1556477999,0.073597,0.073597,0.07351,0.07351,2
1556478000,1556481599,0.0734,0.0734,0.072003,0.072583,1899
1556481600,1556485199,0.072838,0.072838,0.072838,0.072838,4304
1556485200,1556488799,0.0726,0.0726,0.0726,0.0726,900
1556492400,1556495999,0.07261,0.07261,0.07261,0.07261,8286
1556496000,1556499599,0.07261,0.07261,0.07261,0.07261,2097
1556499600,1556503199,0.07261,0.072625,0.07261,0.072625,7517
1556506800,1556510399,0.072625,0.072625,0.072625,0.072625,4000
1556510400,1556513999,0.072949,0.073098,0.072949,0.073098,2379
1556528400,1556531999,0.072638,0.072638,0.072604,0.072604,1551
1556532000,1556535599,0.07207,0.07207,0.071722,0.071722,2815
1556539200,1556542799,0.071778,0.071778,0.07091,0.07091,1904
1556542800,1556546399,0.07091,0.07091,0.0702,0.0702,1807
1556550000,1556553599,0.070574,0.070574,0.07,0.0701,20193
1556553600,1556557199,0.07,0.0701,0.07,0.0701,24982
1556564400,1556567999,0.070005,0.070005,0.070004,0.070004,1635
1556568000,1556571599,0.069796,0.069796,0.069794,0.069794,204
1556571600,1556575199,0.06975,0.06975,0.06975,0.06975,85
1556582400,1556585999,0.070893,0.070893,0.070893,0.070893,1
1556586000,1556589599,0.070754,0.070754,0.070754,0.070754,50
1556596800,1556600399,0.070893,0.070893,0.070893,0.070893,600
1556607600,1556611199,0.070893,0.070893,0.070893,0.070893,1
1556618400,1556621999,0.071,0.071,0.071,0.071,50
1556622000,1556625599,0.071361,0.072159,0.071361,0.072159,1240
1556629200,1556632799,0.073,0.073506,0.072839,0.073005,11087
1556632800,1556636399,0.07351,0.073965,0.07351,0.073965,10
1556636400,1556639999,0.073501,0.073501,0.07345,0.07345,14762
1556640000,1556643599,0.07345,0.07345,0.0733,0.0733,12237
1556643600,1556647199,0.0731,0.0731,0.0731,0.0731,1
1556647200,1556650799,0.07315,0.07315,0.07315,0.07315,431
1556654400,1556657999,0.0737,0.073999,0.072999,0.073999,1707
1556658000,1556661599,0.0737,0.07461,0.0737,0.07461,9174
1556661600,1556665199,0.0744,0.075,0.0744,0.075,10150
1556665200,1556668799,0.07491,0.07491,0.07491,0.07491,3400
1556668800,1556672399,0.07555,0.07555,0.074402,0.074402,14487
1556672400,1556675999,0.076,0.076,0.075999,0.075999,6672
1556676000,1556679599,0.075599,0.0756,0.07554,0.0756,12897
1556679600,1556683199,0.075848,0.075848,0.075848,0.075848,1783
1556686800,1556690399,0.075695,0.076126,0.075688,0.075688,12474
1556697600,1556701199,0.074942,0.074942,0.074888,0.074888,3100
1556704800,1556708399,0.074522,0.074522,0.074522,0.074522,10000
1556708400,1556711999,0.0744,0.0744,0.074054,0.074054,1634
1556712000,1556715599,0.074,0.074,0.07317,0.07317,3
1556715600,1556719199,0.073441,0.073441,0.073441,0.073441,6900
1556719200,1556722799,0.0735,0.0735,0.0735,0.0735,442
1556722800,1556726399,0.073389,0.073389,0.073339,0.073339,7200
1556726400,1556729999,0.073339,0.073339,0.073339,0.073339,1707
1556730000,1556733599,0.07463,0.07463,0.074465,0.074465,1251
1556740800,1556744399,0.074,0.074,0.074,0.074,1000
1556744400,1556747999,0.073845,0.073845,0.073845,0.073845,398
1556755200,1556758799,0.074143,0.074143,0.074143,0.074143,6726
1556766000,1556769599,0.07356,0.07356,0.07356,0.07356,3260
1556784000,1556787599,0.073493,0.073493,0.073493,0.073493,111
1556787600,1556791199,0.073001,0.073001,0.073,0.073,122
1556802000,1556805599,0.073405,0.073909,0.073405,0.073909,11488
1556805600,1556809199,0.073573,0.073573,0.073572,0.073572,817
1556809200,1556812799,0.073207,0.0733,0.0729,0.0729,407
1556812800,1556816399,0.07316,0.07316,0.07316,0.07316,5802
1556816400,1556819999,0.072742,0.072742,0.072742,0.072742,4215
1556820000,1556823599,0.072779,0.072779,0.072779,0.072779,2775
1556827200,1556830799,0.073398,0.074055,0.073398,0.074055,6247
1556841600,1556845199,0.073786,0.073786,0.073786,0.073786,6852
1556845200,1556848799,0.074,0.0743,0.073898,0.0743,159
1556848800,1556852399,0.075,0.07508,0.075,0.07508,51
1556852400,1556855999,0.074983,0.074983,0.074983,0.074983,300
1556856000,1556859599,0.07425,0.07451,0.07418,0.07418,1790
1556859600,1556863199,0.075432,0.075432,0.075432,0.075432,1
1556863200,1556866799,0.07558,0.076,0.07558,0.076,51
1556866800,1556870399,0.07531,0.07531,0.07531,0.07531,3977
1556870400,1556873999,0.073208,0.073208,0.073208,0.073208,1399
1556874000,1556877599,0.074442,0.074442,0.074442,0.074442,743
1556877600,1556881199,0.074497,0.074634,0.074497,0.074634,10156
1556881200,1556884799,0.075358,0.0761,0.075148,0.0761,23747
1556884800,1556888399,0.0762,0.0762,0.0753,0.0753,1362
1556888400,1556891999,0.075536,0.075536,0.075536,0.075536,8842
1556892000,1556895599,0.0754,0.0754,0.075282,0.075282,1031
1556895600,1556899199,0.075,0.075,0.07451,0.07451,2823
1556899200,1556902799,0.074506,0.074506,0.074443,0.074465,24826
1556902800,1556906399,0.07443,0.07443,0.07413,0.07413,460
1556906400,1556909999,0.074319,0.074319,0.074319,0.074319,2246
1556910000,1556913599,0.074652,0.074652,0.074652,0.074652,2800
1556928000,1556931599,0.07466,0.0751,0.074652,0.0751,318
1556931600,1556935199,0.075,0.075,0.075,0.075,3329
1556935200,1556938799,0.074638,0.074728,0.074251,0.074728,2880
1556938800,1556942399,0.074728,0.074728,0.074728,0.074728,57487
1556942400,1556945999,0.074728,0.074728,0.074001,0.074001,17074
1556946000,1556949599,0.074001,0.074001,0.074001,0.074001,337
1556949600,1556953199,0.074,0.074,0.074,0.074,42454
1556953200,1556956799,0.0747,0.0747,0.074684,0.074684,527
1556960400,1556963999,0.074188,0.074188,0.074,0.074,23540
1556964000,1556967599,0.074,0.074,0.074,0.074,7245
1556971200,1556974799,0.074,0.074,0.074,0.074,1
1556974800,1556978399,0.073419,0.073419,0.072741,0.072741,9198
1556978400,1556981999,0.072,0.072,0.072,0.072,320
1556982000,1556985599,0.072236,0.072236,0.072236,0.072236,300
1556985600,1556989199,0.0717,0.0717,0.0717,0.0717,93
1556989200,1556992799,0.071686,0.071686,0.071673,0.071673,19519
1556996400,1556999999,0.07209,0.07209,0.07209,0.07209,12125
1557000000,1557003599,0.0725,0.073063,0.0725,0.073063,10003
1557003600,1557007199,0.074301,0.074301,0.074301,0.074301,678
1557007200,1557010799,0.073633,0.073633,0.073633,0.073633,1933
1557014400,1557017999,0.07241,0.07241,0.071404,0.071404,101499
1557018000,1557021599,0.072327,0.072327,0.072234,0.072234,12000
1557021600,1557025199,0.07263,0.0728,0.07263,0.0728,6160
1557028800,1557032399,0.073,0.073,0.072476,0.072476,1282
1557036000,1557039599,0.072511,0.072511,0.072511,0.072511,20
1557039600,1557043199,0.072727,0.072727,0.07208,0.07208,232
1557043200,1557046799,0.072,0.072,0.072,0.072,35
1557050400,1557053999,0.072153,0.072191,0.072148,0.072191,1806
1557064800,1557068399,0.072191,0.072191,0.0721,0.0721,4501
1557068400,1557071999,0.071404,0.071404,0.071404,0.071404,2798
1557072000,1557075599,0.071333,0.071333,0.070831,0.070831,2482
1557075600,1557079199,0.071,0.071,0.071,0.071,20
1557079200,1557082799,0.070501,0.070501,0.0705,0.0705,6500
1557082800,1557086399,0.070999,0.070999,0.070999,0.070999,3000
1557086400,1557089999,0.071,0.071,0.071,0.071,2897
1557093600,1557097199,0.07123,0.07123,0.07123,0.07123,563
1557100800,1557104399,0.0709,0.0709,0.070737,0.070737,2162
1557104400,1557107999,0.070209,0.070209,0.0695,0.0695,3580
1557108000,1557111599,0.069998,0.069998,0.069988,0.069988,39
1557111600,1557115199,0.069999,0.069999,0.069999,0.069999,1300
1557118800,1557122399,0.070316,0.070316,0.070279,0.070279,11720
1557122400,1557125999,0.070211,0.070211,0.070211,0.070211,1
1557126000,1557129599,0.069998,0.069998,0.069988,0.069988,48
1557129600,1557133199,0.069781,0.069781,0.069781,0.069781,1
1557133200,1557136799,0.070617,0.070617,0.070617,0.070617,6299
1557136800,1557140399,0.070582,0.070582,0.070582,0.070582,1639
1557144000,1557147599,0.070845,0.070845,0.070717,0.070717,140
1557147600,1557151199,0.070717,0.070999,0.0706,0.070999,8410
1557151200,1557154799,0.071,0.071516,0.071,0.071302,1141
1557154800,1557158399,0.071932,0.072,0.071932,0.072,2571
1557158400,1557161999,0.07222,0.073,0.07222,0.073,4400
1557162000,1557165599,0.072734,0.075,0.072734,0.075,215499
1557165600,1557169199,0.074759,0.074956,0.072826,0.074097,81260
1557169200,1557172799,0.073734,0.074648,0.073734,0.074648,41
1557172800,1557176399,0.073733,0.073733,0.073733,0.073733,700
1557180000,1557183599,0.07394,0.074338,0.07394,0.074294,32000
1557187200,1557190799,0.074,0.074755,0.074,0.074672,26820
1557190800,1557194399,0.074739,0.074937,0.074672,0.074937,19415
1557194400,1557197999,0.074963,0.075181,0.07447,0.07447,32445
1557198000,1557201599,0.0745,0.074572,0.074131,0.074572,4142
1557201600,1557205199,0.074366,0.074366,0.074366,0.074366,371
1557205200,1557208799,0.073882,0.073882,0.073882,0.073882,2000
1557208800,1557212399,0.073772,0.073772,0.07244,0.07268,23643
1557212400,1557215999,0.07267,0.07267,0.07245,0.07245,21
1557216000,1557219599,0.072335,0.072335,0.072335,0.072335,5970
1557219600,1557223199,0.072173,0.072173,0.072173,0.072173,5943
1557223200,1557226799,0.07243,0.07243,0.07243,0.07243,5932
1557230400,1557233999,0.072747,0.072747,0.072747,0.072747,5939
1557234000,1557237599,0.072747,0.072747,0.072747,0.072747,61
1557237600,1557241199,0.07289,0.07289,0.071504,0.071504,22062
1557241200,1557244799,0.071701,0.071701,0.071701,0.071701,80
1557244800,1557248399,0.072833,0.072833,0.072755,0.072755,3864
1557248400,1557251999,0.07254,0.07254,0.07254,0.07254,1
1557252000,1557255599,0.072723,0.072723,0.072723,0.072723,10119
1557255600,1557259199,0.07232,0.07232,0.071754,0.071754,4001
1557262800,1557266399,0.072148,0.07215,0.072148,0.07215,9431
1557266400,1557269999,0.071852,0.075805,0.0714,0.075805,83045
1557270000,1557273599,0.073889,0.075804,0.071778,0.071778,37441
1557273600,1557277199,0.0712,0.0712,0.070501,0.070858,22108
1557277200,1557280799,0.07055,0.07055,0.070204,0.070512,40001
1557280800,1557284399,0.0706,0.071149,0.0706,0.071149,3657
1557284400,1557287999,0.070961,0.070964,0.070512,0.070512,8253
1557291600,1557295199,0.070894,0.070894,0.070894,0.070894,417
1557295200,1557298799,0.0719,0.072,0.0719,0.072,201
1557298800,1557302399,0.071575,0.071575,0.071575,0.071575,363
1557306000,1557309599,0.070844,0.070844,0.070844,0.070844,4995
1557313200,1557316799,0.070622,0.070622,0.070622,0.070622,554
1557320400,1557323999,0.07051,0.07051,0.07051,0.07051,98
1557331200,1557334799,0.070786,0.070786,0.070786,0.070786,8132
1557334800,1557338399,0.07051,0.07051,0.07051,0.07051,27
1557342000,1557345599,0.07051,0.07051,0.07051,0.07051,3740
1557345600,1557349199,0.0705,0.0705,0.0695,0.06954,98165
1557349200,1557352799,0.070868,0.071237,0.070868,0.071237,19015
1557356400,1557359999,0.07056,0.07056,0.070554,0.070554,7370
1557360000,1557363599,0.071055,0.071077,0.070712,0.070713,9878
1557363600,1557367199,0.071686,0.071686,0.070853,0.070853,6712
1557370800,1557374399,0.071331,0.071331,0.070546,0.070546,19851
1557378000,1557381599,0.07075,0.07158,0.07075,0.07158,61055
1557381600,1557385199,0.07,0.070239,0.069654,0.069654,15684
1557385200,1557388799,0.070714,0.070714,0.06879,0.069415,7706
1557388800,1557392399,0.069222,0.069222,0.0686,0.068801,6696
1557392400,1557395999,0.068803,0.068953,0.0688,0.068952,31861
1557396000,1557399599,0.06841,0.068678,0.0683,0.0683,10007
1557399600,1557403199,0.068175,0.068175,0.067244,0.0679,56136
1557403200,1557406799,0.0675,0.067616,0.0675,0.067556,2876
1557406800,1557410399,0.0673,0.067655,0.067,0.067581,8089
1557410400,1557413999,0.067527,0.068606,0.0675,0.0675,68418
1557414000,1557417599,0.0686,0.0686,0.0675,0.0675,487
1557417600,1557421199,0.067,0.068605,0.067,0.068605,8530
1557421200,1557424799,0.0667,0.0667,0.0666,0.0666,775
1557424800,1557428399,0.066269,0.066269,0.066269,0.066269,10464
1557428400,1557431999,0.066273,0.066413,0.066273,0.066413,39637
1557432000,1557435599,0.067132,0.067132,0.067,0.067,6222
1557435600,1557439199,0.067,0.067,0.0668,0.0668,125685
1557446400,1557449999,0.0668,0.0668,0.0665,0.0665,5458
1557453600,1557457199,0.066269,0.066269,0.065001,0.065355,75808
1557457200,1557460799,0.065327,0.0665,0.065317,0.0665,52546
1557460800,1557464399,0.0665,0.0665,0.066,0.066,1272
1557464400,1557467999,0.06769,0.06769,0.06769,0.06769,3000
1557468000,1557471599,0.0677,0.06845,0.0677,0.06845,64529
1557475200,1557478799,0.0685,0.072,0.0685,0.070461,4546
1557478800,1557482399,0.070317,0.070317,0.070317,0.070317,7735
1557482400,1557485999,0.070301,0.07059,0.070301,0.07059,7858
1557486000,1557489599,0.07033,0.07033,0.069815,0.069999,8713
1557489600,1557493199,0.069999,0.07,0.069999,0.07,8072
1557493200,1557496799,0.0701,0.0701,0.070011,0.0701,10754
1557496800,1557500399,0.070047,0.070199,0.070023,0.070023,34560
1557500400,1557503999,0.070022,0.070541,0.070022,0.070541,5539
1557504000,1557507599,0.070725,0.070725,0.069,0.069,36228
1557507600,1557511199,0.069179,0.069245,0.068944,0.069125,9205
1557514800,1557518399,0.068673,0.068673,0.068673,0.068673,20
1557518400,1557521999,0.068673,0.068673,0.068673,0.068673,437
1557525600,1557529199,0.070072,0.070492,0.06914,0.069354,123629
1557529200,1557532799,0.069159,0.069159,0.069132,0.069132,26
1557532800,1557536399,0.069456,0.070115,0.069456,0.070115,4098
1557540000,1557543599,0.070324,0.070324,0.070065,0.070065,6394
1557543600,1557547199,0.070232,0.070232,0.069442,0.069442,9230
1557547200,1557550799,0.069604,0.070491,0.069604,0.070491,3029
1557550800,1557554399,0.069259,0.069904,0.069259,0.069904,492
1557554400,1557557999,0.070773,0.070773,0.069769,0.069769,2830
1557558000,1557561599,0.070656,0.070656,0.070656,0.070656,296
1557561600,1557565199,0.06967,0.071496,0.068934,0.071286,76981
1557565200,1557568799,0.070848,0.071997,0.070848,0.071997,99917
1557568800,1557572399,0.071998,0.0736,0.071998,0.073338,35938
1557572400,1557575999,0.073663,0.073663,0.072709,0.072709,78802
1557576000,1557579599,0.072701,0.073498,0.072701,0.073387,1414
1557579600,1557583199,0.072437,0.073562,0.072437,0.0728,298
1557583200,1557586799,0.073077,0.073297,0.0728,0.073297,34774
1557586800,1557590399,0.073,0.07433,0.07165,0.07165,16289
1557590400,1557593999,0.073621,0.074,0.072975,0.072975,21501
1557594000,1557597599,0.0727,0.074999,0.0727,0.074999,70381
1557597600,1557601199,0.075,0.075001,0.073633,0.075,35659
1557601200,1557604799,0.074997,0.075,0.074997,0.075,3385
1557604800,1557608399,0.075,0.075,0.075,0.075,173
1557608400,1557611999,0.0749,0.075,0.074651,0.075,9201
1557612000,1557615599,0.075319,0.076252,0.075121,0.075853,10646
1557615600,1557619199,0.076999,0.077,0.076442,0.076442,1480
1557619200,1557622799,0.075121,0.075121,0.073712,0.073712,2346
1557622800,1557626399,0.073999,0.074,0.073999,0.074,5065
1557626400,1557629999,0.074062,0.074062,0.073936,0.073936,385
1557630000,1557633599,0.073935,0.073935,0.073935,0.073935,5166
1557637200,1557640799,0.07555,0.07555,0.07555,0.07555,5
1557648000,1557651599,0.07585,0.07585,0.074608,0.074608,750
1557655200,1557658799,0.072625,0.072625,0.072209,0.072209,12722
1557658800,1557662399,0.071828,0.071828,0.070512,0.070512,88
1557662400,1557665999,0.072874,0.072874,0.0715,0.0715,20156
1557666000,1557669599,0.070956,0.070956,0.070956,0.070956,26
1557673200,1557676799,0.0705,0.070673,0.07,0.07,13645
1557680400,1557683999,0.070501,0.070501,0.0705,0.0705,3412
1557684000,1557687599,0.0715,0.072,0.0715,0.072,282
1557687600,1557691199,0.072,0.072,0.072,0.072,12218
1557694800,1557698399,0.071,0.07118,0.071,0.071009,27196
1557698400,1557701999,0.0703,0.070787,0.0703,0.0707,4320
1557702000,1557705599,0.07,0.070814,0.07,0.070757,7931
1557705600,1557709199,0.070894,0.0713,0.070894,0.0713,14472
1557709200,1557712799,0.0715,0.0715,0.0715,0.0715,100
1557712800,1557716399,0.070142,0.070142,0.070142,0.070142,356
1557716400,1557719999,0.071588,0.072426,0.071588,0.072426,3862
1557720000,1557723599,0.071576,0.071624,0.07156,0.07156,22870
1557723600,1557727199,0.072,0.072,0.07156,0.07156,8371
1557727200,1557730799,0.071563,0.071563,0.071563,0.071563,2
1557730800,1557734399,0.07233,0.07244,0.072231,0.072231,12523
1557734400,1557737999,0.0725,0.072999,0.0725,0.072997,2860
1557738000,1557741599,0.072423,0.072423,0.072423,0.072423,3
1557741600,1557745199,0.073,0.073555,0.073,0.073555,21834
1557745200,1557748799,0.073555,0.07515,0.073552,0.074,71264
1557748800,1557752399,0.0737,0.0737,0.0737,0.0737,200
1557752400,1557755999,0.073,0.073,0.073,0.073,21
1557756000,1557759599,0.07293,0.07293,0.07293,0.07293,29
1557759600,1557763199,0.073298,0.075274,0.073,0.073,77051
1557763200,1557766799,0.0734,0.074,0.0734,0.074,15076
1557766800,1557770399,0.0735,0.075277,0.0735,0.075277,3055
1557770400,1557773999,0.073891,0.075,0.073891,0.075,100000
1557774000,1557777599,0.0749,0.0749,0.0749,0.0749,888
1557777600,1557781199,0.074,0.074,0.0739,0.0739,2786
1557781200,1557784799,0.0738,0.0738,0.07281,0.07281,58456
1557784800,1557788399,0.072503,0.073,0.07166,0.07166,10593
1557788400,1557791999,0.071,0.0722,0.070789,0.072,4749
1557792000,1557795599,0.072403,0.072403,0.072403,0.072403,1412
1557795600,1557799199,0.073,0.073,0.072999,0.072999,2795
1557799200,1557802799,0.0735,0.0735,0.07349,0.073497,3899
1557802800,1557806399,0.0735,0.075261,0.0735,0.07495,10217
1557806400,1557809999,0.075,0.075509,0.075,0.075509,7377
1557810000,1557813599,0.076099,0.0765,0.076099,0.0765,4413
1557813600,1557817199,0.076741,0.078422,0.076741,0.078422,1522
1557817200,1557820799,0.078,0.078,0.078,0.078,1516
1557820800,1557824399,0.078422,0.078422,0.075,0.0754,35025
1557824400,1557827999,0.077353,0.077353,0.077353,0.077353,2662
1557828000,1557831599,0.077353,0.077353,0.077353,0.077353,200
1557835200,1557838799,0.076064,0.0768,0.076064,0.0768,1174
1557842400,1557845999,0.075775,0.075775,0.075774,0.075775,6300
1557846000,1557849599,0.075775,0.075789,0.0755,0.0755,7039
1557849600,1557853199,0.074665,0.078421,0.074664,0.078421,12190
1557853200,1557856799,0.077,0.078222,0.076999,0.078222,3267
1557856800,1557860399,0.078,0.079095,0.076636,0.079095,36503
1557860400,1557863999,0.076367,0.0772,0.076367,0.0772,1272
1557864000,1557867599,0.07651,0.07684,0.076307,0.076307,2955
1557867600,1557871199,0.077325,0.077325,0.077325,0.077325,7
1557871200,1557874799,0.077333,0.0781,0.077333,0.0781,2872
1557874800,1557878399,0.078319,0.079133,0.078319,0.079133,2908
1557878400,1557881999,0.079665,0.080201,0.079665,0.080056,40766
1557882000,1557885599,0.080333,0.081,0.080333,0.080555,3443
1557885600,1557889199,0.0805,0.0805,0.080484,0.080484,3841
1557889200,1557892799,0.08126,0.08208,0.08126,0.08208,6749
1557892800,1557896399,0.08203,0.082257,0.08203,0.082257,3246
1557900000,1557903599,0.082259,0.082259,0.08225,0.08225,3844
1557903600,1557907199,0.08226,0.0827,0.08009,0.08009,14757
1557907200,1557910799,0.079496,0.079496,0.079496,0.079496,208
1557910800,1557914399,0.08,0.081738,0.08,0.081738,7664
1557918000,1557921599,0.08195,0.08195,0.081,0.081,12481
1557921600,1557925199,0.0825,0.082698,0.08,0.082698,5567
1557925200,1557928799,0.07965,0.079718,0.07965,0.079718,3200
1557928800,1557932399,0.081676,0.082739,0.081676,0.082739,16002
1557932400,1557935999,0.082778,0.084,0.082778,0.084,6072
1557936000,1557939599,0.084001,0.086599,0.084001,0.086599,22172
1557939600,1557943199,0.086599,0.086969,0.0864,0.0864,14832
1557943200,1557946799,0.08676,0.087,0.0867,0.087,28759
1557946800,1557950399,0.0867,0.090497,0.086499,0.090497,28924
1557950400,1557953999,0.089,0.089,0.087462,0.087462,4150
1557954000,1557957599,0.08675,0.088,0.08675,0.088,72777
1557961200,1557964799,0.089287,0.08955,0.088916,0.088916,4156
1557964800,1557968399,0.09,0.092805,0.09,0.092805,60091
1557968400,1557971999,0.092805,0.099,0.092805,0.099,70066
1557972000,1557975599,0.09979,0.1098,0.09979,0.108,462365
1557975600,1557979199,0.106584,0.108847,0.106,0.1078,39422
1557979200,1557982799,0.107801,0.1081,0.096301,0.096301,52092
1557982800,1557986399,0.099,0.099676,0.099,0.099602,6110
1557986400,1557989999,0.0991,0.1033,0.0991,0.102432,19625
1557990000,1557993599,0.103,0.103,0.101567,0.101567,57004
1557993600,1557997199,0.09947,0.09947,0.09947,0.09947,1004
1557997200,1558000799,0.0971,0.0971,0.0943,0.0943,22610
1558000800,1558004399,0.0943,0.0943,0.09,0.093099,49193
1558004400,1558007999,0.0925,0.093714,0.0925,0.093714,262
1558008000,1558011599,0.092507,0.092507,0.092,0.092,17852
1558011600,1558015199,0.091,0.092,0.091,0.092,5895
1558015200,1558018799,0.093707,0.095242,0.093707,0.095242,1369
1558018800,1558022399,0.097434,0.103614,0.097434,0.100289,21668
1558022400,1558025999,0.099841,0.1002,0.097,0.097,6088
1558026000,1558029599,0.095834,0.09711,0.0955,0.0955,2828
1558029600,1558033199,0.0965,0.0965,0.0955,0.0955,2789
1558033200,1558036799,0.0955,0.0955,0.0935,0.0935,15338
1558036800,1558040399,0.096869,0.096869,0.094,0.094,5360
1558040400,1558043999,0.093136,0.0936,0.093136,0.0936,4636
1558044000,1558047599,0.0959,0.0959,0.093002,0.093002,12500
1558047600,1558051199,0.092873,0.092873,0.092873,0.092873,2590
1558054800,1558058399,0.092523,0.092523,0.088,0.088,39261
1558058400,1558061999,0.087786,0.087786,0.0838,0.0838,79870
1558062000,1558065599,0.083056,0.084056,0.0767,0.084056,130467
1558065600,1558069199,0.084056,0.0855,0.0835,0.08374,14558
1558069200,1558072799,0.084465,0.085,0.082944,0.083,13504
1558072800,1558076399,0.082998,0.082998,0.081999,0.081999,2000
1558076400,1558079999,0.084092,0.0841,0.084092,0.0841,813
1558080000,1558083599,0.084099,0.085688,0.084099,0.084386,451
1558083600,1558087199,0.08577,0.08577,0.083293,0.083293,232
1558090800,1558094399,0.082,0.082,0.081056,0.081056,27895
1558094400,1558097999,0.082,0.082271,0.082,0.082271,1389
1558098000,1558101599,0.084859,0.085295,0.08457,0.085295,7023
1558101600,1558105199,0.084994,0.084994,0.083735,0.083735,2054
1558105200,1558108799,0.083735,0.083735,0.08151,0.083344,4118
1558108800,1558112399,0.083,0.083,0.082238,0.082238,1028
1558112400,1558115999,0.082471,0.082471,0.08192,0.08192,773
1558119600,1558123199,0.083,0.0836,0.083,0.0836,4888
1558126800,1558130399,0.083916,0.0845,0.083916,0.0845,411
1558130400,1558133999,0.0845,0.0845,0.084444,0.0845,32532
1558134000,1558137599,0.085,0.086,0.085,0.086,2648
1558137600,1558141199,0.086206,0.086235,0.085,0.086235,22714
1558141200,1558144799,0.086007,0.086007,0.085876,0.085876,417
1558148400,1558151999,0.087,0.08797,0.087,0.08797,2732
1558152000,1558155599,0.088,0.091843,0.088,0.091843,12551
1558155600,1558159199,0.090486,0.090486,0.08886,0.08886,11599
1558159200,1558162799,0.088,0.089,0.088,0.089,556
1558170000,1558173599,0.086,0.087366,0.085293,0.087366,803
1558177200,1558180799,0.087745,0.087745,0.086902,0.086902,171
1558191600,1558195199,0.0879,0.088999,0.0877,0.0887,4650
1558195200,1558198799,0.089,0.089,0.087882,0.087882,10265
1558198800,1558202399,0.086902,0.086902,0.085328,0.085328,6851
1558209600,1558213199,0.085155,0.085155,0.085152,0.085152,567
1558213200,1558216799,0.0857,0.085999,0.0857,0.085999,674
1558220400,1558223999,0.085423,0.085423,0.084376,0.084376,820
1558224000,1558227599,0.08477,0.086981,0.08477,0.086981,2310
1558227600,1558231199,0.086972,0.087523,0.086969,0.087523,9218
1558231200,1558234799,0.087523,0.089,0.087401,0.089,57371
1558234800,1558238399,0.089,0.0894,0.088203,0.0894,9775
1558238400,1558241999,0.0894,0.090293,0.0894,0.090293,6756
1558242000,1558245599,0.091,0.091203,0.09067,0.09067,7889
1558249200,1558252799,0.09,0.090969,0.0899,0.0899,2142
1558252800,1558256399,0.089642,0.0908,0.089642,0.0908,2875
1558260000,1558263599,0.0913,0.091459,0.0913,0.091459,4314
1558263600,1558267199,0.0913,0.092066,0.090874,0.090874,8155
1558267200,1558270799,0.0895,0.090584,0.08807,0.0905,11905
1558270800,1558274399,0.090653,0.091,0.089792,0.091,3463
1558281600,1558285199,0.091761,0.0922,0.0904,0.0922,3152
1558288800,1558292399,0.091986,0.091986,0.091125,0.091125,9510
1558296000,1558299599,0.09135,0.0914,0.090984,0.090984,1079
1558299600,1558303199,0.09172,0.09172,0.09172,0.09172,1
1558303200,1558306799,0.0914,0.0919,0.0914,0.0919,204
1558306800,1558310399,0.091925,0.09225,0.091393,0.091393,6840
1558310400,1558313999,0.09,0.09,0.08727,0.089055,10205
1558314000,1558317599,0.08731,0.08731,0.086807,0.086807,10948
1558317600,1558321199,0.087,0.0872,0.08628,0.0872,50904
1558324800,1558328399,0.088,0.088222,0.088,0.088,2262
1558335600,1558339199,0.08781,0.08781,0.0872,0.0872,12459
1558339200,1558342799,0.087564,0.087614,0.087564,0.087611,8750
1558350000,1558353599,0.0876,0.087758,0.087443,0.087758,78
1558353600,1558357199,0.08652,0.08652,0.085777,0.085777,1166
1558357200,1558360799,0.085152,0.086999,0.085,0.086999,48
1558364400,1558367999,0.087,0.088467,0.087,0.088467,1314
1558368000,1558371599,0.088574,0.088915,0.0869,0.0869,827
1558378800,1558382399,0.08755,0.089,0.08755,0.089,1489
1558382400,1558385999,0.089409,0.09,0.089409,0.09,1502
1558386000,1558389599,0.090253,0.090253,0.09,0.09,9481
1558389600,1558393199,0.089228,0.089228,0.088705,0.088705,798
1558393200,1558396799,0.088705,0.09,0.088705,0.09,4456
1558400400,1558403999,0.089555,0.089555,0.087786,0.087786,1898
1558404000,1558407599,0.0879,0.0879,0.087658,0.087658,2203
1558411200,1558414799,0.089003,0.09,0.089003,0.09,1234
1558414800,1558418399,0.090426,0.09165,0.090426,0.09165,25954
1558422000,1558425599,0.09178,0.099,0.09178,0.0956,37445
1558429200,1558432799,0.0956,0.0956,0.09478,0.09478,3938
1558432800,1558436399,0.094569,0.094569,0.0938,0.0938,9453
1558436400,1558439999,0.0935,0.094108,0.09165,0.093516,18707
1558443600,1558447199,0.093517,0.093517,0.093514,0.093517,2499
1558447200,1558450799,0.091651,0.092888,0.091651,0.092888,47362
1558454400,1558457999,0.0926,0.092997,0.0926,0.092997,602
1558458000,1558461599,0.093,0.094,0.093,0.094,1354
1558461600,1558465199,0.094284,0.094284,0.0931,0.093101,7623
1558465200,1558468799,0.0932,0.093672,0.0932,0.093672,2945
1558468800,1558472399,0.094338,0.094338,0.09384,0.09384,4926
1558472400,1558475999,0.09384,0.09384,0.09311,0.09311,3725
1558476000,1558479599,0.09311,0.09311,0.0929,0.0929,41103
1558479600,1558483199,0.092973,0.093384,0.0929,0.0929,3130
1558483200,1558486799,0.093033,0.095075,0.093033,0.095075,971
1558486800,1558490399,0.095,0.095999,0.094208,0.094208,3591
1558497600,1558501199,0.094207,0.099,0.09345,0.098393,52883
1558501200,1558504799,0.096253,0.096253,0.094642,0.094642,11310
1558515600,1558519199,0.09351,0.09351,0.093509,0.093509,34401
1558519200,1558522799,0.093,0.093,0.09165,0.09165,3283
1558522800,1558526399,0.0915,0.0915,0.088746,0.0896,12166
1558526400,1558529999,0.09,0.090599,0.09,0.090599,904
1558537200,1558540799,0.090743,0.0918,0.090743,0.091799,17841
1558540800,1558544399,0.091799,0.092,0.091799,0.092,6418
1558544400,1558547999,0.0915,0.092,0.091,0.092,10062
1558551600,1558555199,0.09205,0.09365,0.09205,0.09365,21066
1558555200,1558558799,0.09365,0.09365,0.090065,0.0918,41704
1558558800,1558562399,0.0918,0.0918,0.089,0.089,17464
1558562400,1558565999,0.09,0.09,0.09,0.09,15165
1558569600,1558573199,0.088,0.088003,0.087,0.087,19016
1558576800,1558580399,0.086472,0.08692,0.086472,0.08692,6322
1558587600,1558591199,0.087,0.087,0.086,0.086,7932
1558591200,1558594799,0.086,0.086,0.084543,0.084543,11099
1558594800,1558598399,0.084491,0.084491,0.083789,0.083789,1897
1558598400,1558601999,0.083789,0.083789,0.082222,0.082275,8132
1558605600,1558609199,0.08336,0.084311,0.08336,0.084311,13368
1558616400,1558619999,0.085,0.0869,0.085,0.0869,25275
1558620000,1558623599,0.0868,0.087434,0.0868,0.087349,8440
1558623600,1558627199,0.087,0.087987,0.086,0.087985,39801
1558627200,1558630799,0.088,0.088,0.087641,0.088,396
1558630800,1558634399,0.087998,0.087998,0.086,0.08619,27147
1558634400,1558637999,0.0861,0.086186,0.0861,0.086186,2551
1558638000,1558641599,0.086997,0.087,0.086997,0.087,32
1558641600,1558645199,0.088,0.088812,0.088,0.088812,15323
1558645200,1558648799,0.088585,0.08939,0.088585,0.08939,355
1558648800,1558652399,0.08939,0.08939,0.088934,0.088934,2963
1558652400,1558655999,0.088934,0.088934,0.088934,0.088934,130
1558659600,1558663199,0.08985,0.0907,0.08968,0.0906,35198
1558666800,1558670399,0.089,0.092881,0.088798,0.092881,37793
1558677600,1558681199,0.094,0.097401,0.094,0.096,39285
1558684800,1558688399,0.094,0.11212,0.094,0.098422,387462
1558688400,1558691999,0.097362,0.097362,0.096287,0.096287,5562
1558692000,1558695599,0.0956,0.09561,0.0956,0.09561,1113
1558695600,1558699199,0.095,0.096489,0.094,0.094,3810
1558699200,1558702799,0.096,0.098453,0.096,0.098453,29615
1558706400,1558709999,0.0981,0.0981,0.096219,0.098,7954
1558710000,1558713599,0.0981,0.1002,0.097159,0.097159,16278
1558713600,1558717199,0.097145,0.098,0.095985,0.095985,235120
1558717200,1558720799,0.095003,0.0958,0.093002,0.09501,11118
1558720800,1558724399,0.095591,0.095636,0.0948,0.0948,1500
1558724400,1558727999,0.094696,0.094696,0.093873,0.094236,605
1558728000,1558731599,0.095,0.095537,0.094665,0.094665,5751
1558731600,1558735199,0.094665,0.097,0.094665,0.097,6364
1558735200,1558738799,0.09708,0.099975,0.09707,0.09707,20187
1558738800,1558742399,0.095721,0.095721,0.095721,0.095721,300
1558742400,1558745999,0.098,0.098,0.098,0.098,8131
1558746000,1558749599,0.098271,0.098271,0.0971,0.0971,3081
1558749600,1558753199,0.09836,0.099,0.098049,0.099,5727
1558753200,1558756799,0.1,0.1,0.1,0.1,14197
1558756800,1558760399,0.100261,0.100261,0.099,0.099,785
1558760400,1558763999,0.098544,0.098544,0.098544,0.098544,3000
1558767600,1558771199,0.098,0.098,0.098,0.098,2352
1558774800,1558778399,0.098,0.098,0.098,0.098,3420
1558778400,1558781999,0.098,0.098,0.096124,0.096845,4777
1558782000,1558785599,0.096,0.096911,0.095013,0.096895,8150
1558789200,1558792799,0.097,0.097602,0.097,0.0971,9038
1558800000,1558803599,0.097,0.097,0.09591,0.09591,13933
1558803600,1558807199,0.09591,0.09591,0.09591,0.09591,2000
1558810800,1558814399,0.096181,0.096181,0.0957,0.0957,1255
1558814400,1558817999,0.095275,0.095363,0.095275,0.095363,6333
1558821600,1558825199,0.095365,0.095365,0.095272,0.095339,21957
1558828800,1558832399,0.098,0.09901,0.097135,0.0975,1291
1558836000,1558839599,0.099838,0.099999,0.09823,0.09823,2202
1558839600,1558843199,0.098,0.099476,0.098,0.099476,5020
1558843200,1558846799,0.099476,0.099476,0.098868,0.098871,12174
1558850400,1558853999,0.098001,0.098651,0.098,0.098651,1509
1558864800,1558868399,0.097331,0.098,0.09494,0.09494,14824
1558868400,1558871999,0.094444,0.096,0.09387,0.096,5762
1558875600,1558879199,0.096285,0.096285,0.096231,0.096231,4094
1558879200,1558882799,0.097,0.098,0.097,0.097,3113
1558882800,1558886399,0.097,0.097,0.096,0.096,50031
1558890000,1558893599,0.097682,0.097682,0.097682,0.097682,220
1558897200,1558900799,0.097682,0.09911,0.097,0.097275,29186
1558900800,1558904399,0.09744,0.099,0.095451,0.096997,30586
1558904400,1558907999,0.097,0.097001,0.097,0.097001,4304
1558908000,1558911599,0.097001,0.098,0.097,0.0975,25761
1558911600,1558915199,0.097949,0.097949,0.097949,0.097949,44
1558915200,1558918799,0.099,0.1001,0.097757,0.1001,18315
1558918800,1558922399,0.10063,0.102,0.10063,0.102,1450
1558926000,1558929599,0.101645,0.101645,0.101645,0.101645,3445
1558929600,1558933199,0.100007,0.101177,0.100007,0.10002,8742
1558936800,1558940399,0.1,0.100616,0.1,0.100616,83
1558940400,1558943999,0.10042,0.10042,0.10042,0.10042,21
1558944000,1558947599,0.099,0.099525,0.098939,0.099425,17841
1558951200,1558954799,0.099227,0.099227,0.0985,0.0985,1137
1558958400,1558961999,0.098,0.0996,0.098,0.0996,27254
1558962000,1558965599,0.09975,0.09975,0.09974,0.09974,11464
1558965600,1558969199,0.09975,0.1,0.099684,0.1,8905
1558969200,1558972799,0.099542,0.102989,0.099542,0.1019,4457
1558972800,1558976399,0.1015,0.1015,0.09837,0.09837,25364
1558976400,1558979999,0.09837,0.099,0.098365,0.098592,16443
1558983600,1558987199,0.099255,0.099255,0.0991,0.09925,2822
1558987200,1558990799,0.098851,0.098854,0.098851,0.098854,1177
1558990800,1558994399,0.09925,0.09925,0.09925,0.09925,9919
1558998000,1559001599,0.099864,0.101,0.099864,0.101,6014
1559005200,1559008799,0.1019,0.102,0.1019,0.102,181
1559012400,1559015999,0.101885,0.101885,0.101265,0.101265,1551
1559023200,1559026799,0.101265,0.101265,0.100302,0.100302,3449
1559030400,1559033999,0.100734,0.100734,0.100734,0.100734,242
1559041200,1559044799,0.1007,0.1007,0.1007,0.1007,1
1559048400,1559051999,0.1,0.1,0.098004,0.098004,1567
1559055600,1559059199,0.100333,0.100333,0.100333,0.100333,31
1559062800,1559066399,0.101301,0.101674,0.101301,0.101674,13122
1559070000,1559073599,0.101,0.101,0.1,0.100997,4372
1559080800,1559084399,0.101,0.1011,0.101,0.1011,3340
1559084400,1559087999,0.1011,0.102,0.1011,0.102,4174
1559091600,1559095199,0.10376,0.10376,0.102048,0.102048,1530
1559098800,1559102399,0.104,0.105843,0.104,0.105843,11979
1559102400,1559105999,0.10251,0.10251,0.10208,0.10208,9854
1559106000,1559109599,0.10208,0.10208,0.099615,0.1,34966
1559109600,1559113199,0.100838,0.101,0.100838,0.101,6975
1559113200,1559116799,0.101921,0.102475,0.101492,0.102475,36923
1559116800,1559120399,0.10149,0.102415,0.101,0.102415,2001
1559124000,1559127599,0.10425,0.1046,0.1039,0.1043,13710
1559127600,1559131199,0.1043,0.1046,0.1043,0.1046,18158
1559131200,1559134799,0.1046,0.10695,0.1046,0.106089,13674
1559134800,1559138399,0.105,0.105,0.105,0.105,2050
1559138400,1559141999,0.105,0.1073,0.105,0.1073,2926
1559142000,1559145599,0.107792,0.107792,0.1065,0.107063,2216
1559145600,1559149199,0.1055,0.1058,0.1055,0.1058,1529
1559149200,1559152799,0.1058,0.1058,0.1058,0.1058,7656
1559152800,1559156399,0.1057,0.1057,0.104839,0.104839,3241
1559156400,1559159999,0.106742,0.106742,0.105979,0.105979,528
1559160000,1559163599,0.10425,0.105273,0.104135,0.105273,15349
1559163600,1559167199,0.1046,0.1046,0.1046,0.1046,2000
1559167200,1559170799,0.105373,0.1054,0.104269,0.1053,10093
1559178000,1559181599,0.106,0.106924,0.104,0.104,39048
1559181600,1559185199,0.1025,0.104,0.1025,0.104,3663
1559188800,1559192399,0.104997,0.10697,0.104997,0.1055,12575
1559192400,1559195999,0.1055,0.1055,0.1055,0.1055,430
1559196000,1559199599,0.105,0.105,0.10445,0.10445,9018
1559199600,1559203199,0.10445,0.10445,0.103939,0.103939,8957
1559214000,1559217599,0.104,0.104,0.104,0.104,31
1559217600,1559221199,0.105,0.1055,0.105,0.1055,27804
1559221200,1559224799,0.1055,0.1055,0.1055,0.1055,1883
1559224800,1559228399,0.10562,0.108186,0.10562,0.107,20848
1559228400,1559231999,0.1068,0.107,0.106,0.106733,3130
1559232000,1559235599,0.105134,0.106,0.101924,0.101924,100675
1559235600,1559239199,0.101467,0.101467,0.0977,0.099417,46740
1559239200,1559242799,0.099915,0.100501,0.0997,0.0997,5281
1559246400,1559249999,0.0996,0.0996,0.098,0.098,12171
1559250000,1559253599,0.09719,0.09725,0.0925,0.093529,81483
1559253600,1559257199,0.094,0.09445,0.094,0.094339,5574
1559257200,1559260799,0.0936,0.093998,0.093,0.093804,25460
1559260800,1559264399,0.094,0.095,0.094,0.095,2062
1559264400,1559267999,0.095332,0.095338,0.095332,0.095338,1629
1559268000,1559271599,0.0945,0.096,0.09399,0.09399,7300
1559271600,1559275199,0.093109,0.093109,0.093,0.093,18697
1559275200,1559278799,0.093,0.093,0.0909,0.0909,32854
1559278800,1559282399,0.0909,0.092522,0.0904,0.092522,7983
1559286000,1559289599,0.094275,0.098132,0.094275,0.098132,7464
1559289600,1559293199,0.098132,0.098132,0.094,0.094,14816
1559300400,1559303999,0.0931,0.0931,0.0931,0.0931,30
1559304000,1559307599,0.093005,0.094,0.093005,0.094,5700
1559307600,1559311199,0.094383,0.0955,0.094383,0.0955,187
1559314800,1559318399,0.095775,0.095775,0.0941,0.0941,3397
1559318400,1559321999,0.095206,0.095206,0.095206,0.095206,2507
1559329200,1559332799,0.0955,0.096646,0.0955,0.096646,1754
1559336400,1559339999,0.096646,0.0985,0.096646,0.0985,4572
1559350800,1559354399,0.096701,0.097,0.096701,0.097,3837
1559358000,1559361599,0.097001,0.097001,0.0967,0.0967,925
1559361600,1559365199,0.096597,0.096935,0.0958,0.0958,531
1559365200,1559368799,0.095597,0.095597,0.094597,0.094597,32
1559383200,1559386799,0.096063,0.096699,0.096063,0.096213,14960
1559394000,1559397599,0.096,0.096,0.096,0.096,1
1559397600,1559401199,0.0949,0.0949,0.094,0.094,3242
1559419200,1559422799,0.094432,0.094899,0.094432,0.094875,23319
1559422800,1559426399,0.094899,0.0949,0.094899,0.0949,17255
1559430000,1559433599,0.094002,0.09448,0.094,0.09448,10461
1559444400,1559447999,0.0949,0.0958,0.0949,0.0958,351
1559448000,1559451599,0.096,0.097027,0.096,0.097027,1744
1559458800,1559462399,0.097027,0.09775,0.096703,0.096703,3705
1559462400,1559465999,0.096656,0.096656,0.096,0.096,34
1559473200,1559476799,0.0976,0.0976,0.0976,0.0976,10305
1559480400,1559483999,0.0969,0.0969,0.09528,0.09528,1142
1559487600,1559491199,0.097444,0.097444,0.0972,0.0972,267
1559491200,1559494799,0.0972,0.0972,0.096086,0.096086,3816
1559498400,1559501999,0.0963,0.097099,0.0963,0.097,2300
1559502000,1559505599,0.0971,0.0972,0.0971,0.0972,354
1559505600,1559509199,0.0976,0.0977,0.0976,0.0977,2834
1559512800,1559516399,0.097651,0.097701,0.097651,0.097701,4559
1559516400,1559519999,0.097922,0.098602,0.097922,0.098602,11129
1559520000,1559523599,0.0976,0.0976,0.097,0.097,8053
1559527200,1559530799,0.0967,0.0979,0.0967,0.0979,2714
1559538000,1559541599,0.0967,0.0967,0.0965,0.0965,230
1559541600,1559545199,0.0963,0.0963,0.094743,0.094743,11063
1559545200,1559548799,0.094743,0.094743,0.093,0.093632,2800
1559548800,1559552399,0.093632,0.094,0.093632,0.094,2362
1559556000,1559559599,0.0945,0.095995,0.0945,0.095995,752
1559566800,1559570399,0.0975,0.1,0.096005,0.096005,22698
1559574000,1559577599,0.0949,0.095555,0.0949,0.095555,1957
1559577600,1559581199,0.095997,0.095997,0.095844,0.095844,556
1559584800,1559588399,0.095647,0.095647,0.095647,0.095647,156
1559592000,1559595599,0.095,0.0952,0.0945,0.0945,4194
1559599200,1559602799,0.094,0.094,0.093485,0.093485,81
1559602800,1559606399,0.0931,0.0931,0.0891,0.0891,19735
1559606400,1559609999,0.089,0.089,0.0865,0.088,26240
1559610000,1559613599,0.0886,0.08861,0.0886,0.08861,12104
1559613600,1559617199,0.088501,0.088501,0.0885,0.0885,327
1559617200,1559620799,0.0885,0.0885,0.087,0.087,4489
1559620800,1559624399,0.087,0.0877,0.0863,0.0877,7461
1559624400,1559627999,0.0877,0.0877,0.0877,0.0877,270
1559628000,1559631599,0.08605,0.08605,0.085,0.085584,63297
1559631600,1559635199,0.085583,0.085583,0.084103,0.084103,11360
1559635200,1559638799,0.085584,0.085584,0.085584,0.085584,7814
1559638800,1559642399,0.085584,0.085584,0.085584,0.085584,60152
1559642400,1559645999,0.085584,0.0859,0.085584,0.0859,9494
1559660400,1559663999,0.0868,0.087697,0.0868,0.087667,3134
1559667600,1559671199,0.087418,0.087418,0.084,0.084,16019
1559671200,1559674799,0.084663,0.084871,0.084,0.084,663
1559674800,1559678399,0.084,0.086,0.0832,0.0832,12553
1559678400,1559681999,0.0841,0.0843,0.0841,0.0843,9049
1559682000,1559685599,0.0832,0.0832,0.083,0.083,30496
1559685600,1559689199,0.083,0.08368,0.083,0.08368,1264
1559689200,1559692799,0.083356,0.083356,0.083356,0.083356,522
1559692800,1559696399,0.084575,0.085892,0.084566,0.085855,18663
1559696400,1559699999,0.084652,0.084652,0.084101,0.084101,3321
1559700000,1559703599,0.084101,0.085349,0.084101,0.084919,8860
1559710800,1559714399,0.085152,0.085152,0.085152,0.085152,1
1559714400,1559717999,0.0849,0.0849,0.08451,0.08451,1200
1559728800,1559732399,0.086,0.086,0.086,0.086,300
1559739600,1559743199,0.085318,0.085318,0.085318,0.085318,210
1559743200,1559746799,0.085,0.085,0.0845,0.0845,601
1559746800,1559750399,0.0841,0.0841,0.083,0.0834,45330
1559750400,1559753999,0.084483,0.0859,0.084483,0.0859,161
1559754000,1559757599,0.0859,0.0859,0.0859,0.0859,50
1559757600,1559761199,0.085743,0.086799,0.085743,0.086799,2525
1559761200,1559764799,0.08679,0.086799,0.08679,0.086799,2311
1559764800,1559768399,0.0868,0.087,0.08545,0.08545,1670
1559768400,1559771999,0.085,0.0859,0.085,0.0859,60
1559793600,1559797199,0.086153,0.086153,0.086153,0.086153,20
1559804400,1559807999,0.086207,0.086207,0.086,0.086,5916
1559815200,1559818799,0.087,0.087,0.087,0.087,46
1559829600,1559833199,0.085891,0.085891,0.084502,0.085085,4467
1559836800,1559840399,0.085208,0.085885,0.085208,0.085885,1633
1559844000,1559847599,0.084157,0.084956,0.0832,0.084956,6878
1559851200,1559854799,0.085,0.085,0.085,0.085,30
1559862000,1559865599,0.0859,0.0868,0.0859,0.0868,60
1559869200,1559872799,0.0859,0.0859,0.0859,0.0859,30
1559880000,1559883599,0.085429,0.087292,0.085001,0.087292,188863
1559883600,1559887199,0.087292,0.087292,0.087168,0.087168,28425
1559887200,1559890799,0.0877,0.0879,0.0877,0.0879,230
1559890800,1559894399,0.088,0.094754,0.088,0.093817,48137
1559898000,1559901599,0.0899,0.0899,0.0899,0.0899,1000
1559908800,1559912399,0.090207,0.090207,0.090207,0.090207,90
1559916000,1559919599,0.09021,0.09021,0.090056,0.090056,4183
1559919600,1559923199,0.0895,0.09,0.0895,0.09,5690
1559923200,1559926799,0.09,0.091,0.09,0.091,6418
1559930400,1559933999,0.0913,0.091489,0.091174,0.091174,2040
1559934000,1559937599,0.090961,0.090961,0.089904,0.089905,12137
1559937600,1559941199,0.089905,0.090273,0.089905,0.090273,5671
1559941200,1559944799,0.091091,0.091091,0.091091,0.091091,435
1559944800,1559948399,0.091174,0.091174,0.091174,0.091174,141471
1559948400,1559951999,0.0906,0.091174,0.0906,0.091174,5986
1559952000,1559955599,0.091174,0.098245,0.091174,0.095799,73223
1559955600,1559959199,0.0958,0.0958,0.094999,0.094999,655
1559959200,1559962799,0.0949,0.094999,0.0949,0.094999,6491
1559962800,1559966399,0.094999,0.0967,0.094999,0.0967,35886
1559966400,1559969999,0.0965,0.098264,0.0965,0.098264,20323
1559970000,1559973599,0.0985,0.105843,0.0985,0.101154,115993
1559973600,1559977199,0.102303,0.105124,0.099596,0.099596,7823
1559980800,1559984399,0.104123,0.1045,0.0999,0.0999,20875
1559984400,1559987999,0.09958,0.09958,0.09958,0.09958,3
1559988000,1559991599,0.099199,0.099199,0.09919,0.09919,2120
1559991600,1559995199,0.098837,0.098837,0.0988,0.0988,517
1559995200,1559998799,0.099528,0.1,0.0968,0.0968,50928
1559998800,1560002399,0.096807,0.096807,0.096807,0.096807,27
1560002400,1560005999,0.096675,0.096675,0.09625,0.09625,1102
1560006000,1560009599,0.095531,0.095775,0.095531,0.095725,599
1560009600,1560013199,0.095,0.095,0.0949,0.0949,25330
1560016800,1560020399,0.094585,0.094992,0.094255,0.094526,3590
1560020400,1560023999,0.0946,0.0946,0.0946,0.0946,5100
1560027600,1560031199,0.0957,0.0958,0.0957,0.0958,130
1560031200,1560034799,0.0967,0.09763,0.0967,0.09763,12963
1560034800,1560038399,0.0985,0.0985,0.0975,0.0975,806
1560038400,1560041999,0.096213,0.096213,0.094473,0.094473,1033
1560045600,1560049199,0.09425,0.097707,0.093128,0.093685,33491
1560052800,1560056399,0.09524,0.09524,0.0949,0.0949,142
1560056400,1560059999,0.09491,0.09491,0.09491,0.09491,10
1560070800,1560074399,0.09566,0.09566,0.09566,0.09566,112
1560081600,1560085199,0.0956,0.0956,0.091303,0.091303,31418
1560085200,1560088799,0.0913,0.0913,0.0913,0.0913,30
1560088800,1560092399,0.090522,0.091115,0.090312,0.091115,7972
1560092400,1560095999,0.0911,0.0911,0.0911,0.0911,1000
1560096000,1560099599,0.0895,0.0895,0.089,0.089,1108
1560099600,1560103199,0.089,0.089,0.089,0.089,130
1560110400,1560113999,0.08989,0.08989,0.08828,0.08828,7496
1560117600,1560121199,0.088,0.088023,0.086146,0.088023,21660
1560124800,1560128399,0.0881,0.0895,0.0877,0.0895,840
1560135600,1560139199,0.0902,0.0904,0.0902,0.0904,2854
1560146400,1560149999,0.0922,0.092549,0.090652,0.090652,5558
1560164400,1560167999,0.0901,0.091,0.0901,0.091,400
1560182400,1560185999,0.092703,0.092999,0.092603,0.092603,1139
1560186000,1560189599,0.092603,0.092603,0.092525,0.092525,1983
1560193200,1560196799,0.092538,0.093,0.092538,0.092999,1460
1560196800,1560200399,0.09399,0.093999,0.093912,0.093912,528
1560207600,1560211199,0.094,0.09573,0.094,0.09573,21921
1560211200,1560214799,0.0958,0.098959,0.0958,0.098959,34607
1560214800,1560218399,0.09896,0.09896,0.098158,0.098158,788
1560218400,1560221999,0.098783,0.102069,0.098783,0.102069,67098
1560222000,1560225599,0.10186,0.10241,0.100367,0.100367,8052
1560225600,1560229199,0.1012,0.103,0.1012,0.103,51123
1560229200,1560232799,0.103757,0.105843,0.103757,0.104142,128925
1560232800,1560236399,0.102763,0.102763,0.1015,0.102496,3926
1560243600,1560247199,0.102205,0.103676,0.1016,0.103676,13644
1560247200,1560250799,0.10056,0.10056,0.0999,0.0999,4121
1560250800,1560254399,0.099644,0.099644,0.098297,0.0985,7607
1560254400,1560257999,0.098086,0.1,0.098086,0.1,2363
1560258000,1560261599,0.1003,0.102378,0.1003,0.1012,2746
1560261600,1560265199,0.1003,0.102378,0.1003,0.102378,508
1560265200,1560268799,0.102372,0.102376,0.102275,0.102275,5036
1560268800,1560272399,0.101,0.101542,0.101,0.101542,10001
1560276000,1560279599,0.102,0.102,0.102,0.102,14955
1560283200,1560286799,0.102002,0.1021,0.102002,0.1021,2968
1560286800,1560290399,0.102,0.102,0.102,0.102,4426
1560294000,1560297599,0.10296,0.10296,0.1028,0.1028,1463
1560297600,1560301199,0.1012,0.1012,0.1,0.100238,21192
1560301200,1560304799,0.1005,0.1005,0.1005,0.1005,1000
1560304800,1560308399,0.10051,0.101196,0.10051,0.101196,101
1560308400,1560311999,0.10045,0.10045,0.100064,0.100064,8075
1560326400,1560329999,0.100274,0.100274,0.1,0.1,1431
1560330000,1560333599,0.1,0.1,0.1,0.1,2103
1560340800,1560344399,0.1004,0.101,0.1004,0.101,907
1560344400,1560347999,0.101065,0.1021,0.101065,0.1021,80
1560351600,1560355199,0.103,0.104573,0.103,0.103,16260
1560355200,1560358799,0.10299,0.10299,0.102109,0.102109,30033
1560362400,1560365999,0.1029,0.1029,0.102,0.102,1630
1560369600,1560373199,0.1012,0.1012,0.1012,0.1012,30
1560380400,1560383999,0.101012,0.108124,0.101012,0.108124,46308
1560384000,1560387599,0.1082,0.115,0.105588,0.108,115716
1560387600,1560391199,0.108,0.112899,0.1075,0.10999,97131
1560391200,1560394799,0.11,0.11,0.109398,0.1098,6331
1560394800,1560398399,0.1098,0.110912,0.1098,0.11,34198
1560398400,1560401999,0.10965,0.11,0.10965,0.11,4921
1560405600,1560409199,0.1082,0.1082,0.105701,0.105701,30122
1560409200,1560412799,0.108755,0.108755,0.105884,0.105884,282
1560412800,1560416399,0.105489,0.105489,0.105,0.105,14641
1560416400,1560419999,0.1048,0.1048,0.1048,0.1048,30
1560420000,1560423599,0.10447,0.10447,0.103972,0.104174,10094
1560423600,1560427199,0.104175,0.104791,0.104175,0.104785,5037
1560427200,1560430799,0.1039,0.104035,0.1039,0.104035,6292
1560430800,1560434399,0.1047,0.1047,0.1047,0.1047,3000
1560434400,1560437999,0.103182,0.103884,0.103002,0.103884,10238
1560438000,1560441599,0.103985,0.103985,0.103985,0.103985,836
1560448800,1560452399,0.10374,0.103915,0.10374,0.103915,2026
1560452400,1560455999,0.103,0.103,0.10294,0.10294,5310
1560463200,1560466799,0.1039,0.104,0.1036,0.1036,12634
1560466800,1560470399,0.1034,0.1034,0.103001,0.103001,11605
1560470400,1560473999,0.1027,0.1027,0.10192,0.10192,5618
1560474000,1560477599,0.102501,0.102501,0.0999,0.0999,17279
1560477600,1560481199,0.100857,0.101187,0.100689,0.101187,8580
1560484800,1560488399,0.100503,0.100503,0.099501,0.1005,9521
1560488400,1560491999,0.1012,0.102091,0.1012,0.102017,2031
1560492000,1560495599,0.102017,0.10204,0.102017,0.102017,12505
1560499200,1560502799,0.101385,0.101385,0.1011,0.1011,304
1560502800,1560506399,0.100699,0.100699,0.100699,0.100699,148
1560506400,1560509999,0.1006,0.1006,0.100178,0.100178,3
1560513600,1560517199,0.1003,0.1003,0.09968,0.09968,96
1560517200,1560520799,0.0994,0.0994,0.097949,0.097949,71990
1560524400,1560527999,0.09867,0.09867,0.09867,0.09867,2565
1560528000,1560531599,0.099275,0.099275,0.096878,0.096878,3648
1560531600,1560535199,0.096878,0.097354,0.096878,0.097349,44738
1560535200,1560538799,0.097349,0.0977,0.097349,0.0977,13653
1560542400,1560545999,0.0979,0.0985,0.0979,0.0985,160
1560546000,1560549599,0.098738,0.0994,0.098738,0.0994,1184
1560553200,1560556799,0.1003,0.101209,0.1002,0.101209,4090
1560556800,1560560399,0.10167,0.103723,0.101323,0.103723,7363
1560564000,1560567599,0.1012,0.1012,0.10089,0.10089,4978
1560567600,1560571199,0.101401,0.101401,0.1003,0.1003,109
1560578400,1560581999,0.100348,0.100348,0.100348,0.100348,100
1560592800,1560596399,0.099,0.10014,0.099,0.10014,56208
1560600000,1560603599,0.0994,0.099994,0.0994,0.099994,3777
1560607200,1560610799,0.099375,0.099375,0.09851,0.09851,16378
1560610800,1560614399,0.098876,0.098876,0.0985,0.0985,5030
1560614400,1560617999,0.0997,0.1,0.098682,0.09979,8355
1560621600,1560625199,0.099275,0.099314,0.099275,0.099314,1285
1560628800,1560632399,0.099246,0.099502,0.0985,0.099502,14237
1560636000,1560639599,0.0997,0.0997,0.0997,0.0997,1005
1560646800,1560650399,0.1,0.1003,0.099801,0.099801,1120
1560650400,1560653999,0.0998,0.0998,0.0998,0.0998,2500
1560661200,1560664799,0.100275,0.101197,0.10025,0.101197,1201
1560664800,1560668399,0.100095,0.100095,0.099484,0.099484,6208
1560668400,1560671999,0.100996,0.1015,0.100996,0.1015,14182
1560672000,1560675599,0.1015,0.102226,0.099486,0.1,56570
1560675600,1560679199,0.1,0.1,0.1,0.1,1200
1560690000,1560693599,0.10105,0.101772,0.10105,0.101772,23129
1560693600,1560697199,0.101771,0.1022,0.101771,0.1022,19951
1560697200,1560700799,0.1025,0.1025,0.101,0.1012,7031
1560704400,1560707999,0.1003,0.1003,0.100027,0.100027,8472
1560711600,1560715199,0.09975,0.09975,0.098531,0.098531,16522
1560715200,1560718799,0.100971,0.100971,0.100971,0.100971,39
1560726000,1560729599,0.099617,0.099617,0.099617,0.099617,626
1560729600,1560733199,0.100275,0.100286,0.100275,0.100286,3609
1560733200,1560736799,0.100285,0.100285,0.100285,0.100285,8341
1560736800,1560740399,0.1003,0.1003,0.099,0.099115,10744
1560744000,1560747599,0.1005,0.1005,0.098501,0.098501,50083
1560747600,1560751199,0.09894,0.098957,0.09894,0.098957,101
1560762000,1560765599,0.09999,0.09999,0.09999,0.09999,3607
1560765600,1560769199,0.09999,0.100305,0.0999,0.0999,22598
1560772800,1560776399,0.099483,0.099483,0.09875,0.09875,18495
1560776400,1560779999,0.098983,0.0998,0.098983,0.0998,12782
1560780000,1560783599,0.0999,0.1,0.099183,0.099183,35268
1560783600,1560787199,0.099183,0.0992,0.097216,0.097216,48062
1560790800,1560794399,0.098384,0.098495,0.098384,0.098495,1550
1560798000,1560801599,0.098862,0.099,0.098851,0.099,10100
1560801600,1560805199,0.098496,0.098496,0.0984,0.0984,7997
1560805200,1560808799,0.097803,0.097864,0.097803,0.097864,35
1560808800,1560812399,0.098277,0.098277,0.098238,0.098238,25000
1560819600,1560823199,0.097826,0.097895,0.0978,0.097895,15031
1560823200,1560826799,0.098,0.098277,0.096999,0.098277,32279
1560826800,1560830399,0.0994,0.10131,0.097777,0.097777,68043
1560834000,1560837599,0.097619,0.097619,0.097283,0.097283,10001
1560837600,1560841199,0.097199,0.097199,0.096675,0.096675,10437
1560841200,1560844799,0.096501,0.096501,0.096,0.096,302
1560844800,1560848399,0.095801,0.097195,0.095801,0.097,1685
1560852000,1560855599,0.097001,0.097001,0.096713,0.096713,32
1560855600,1560859199,0.096761,0.097387,0.095963,0.0967,2994
1560859200,1560862799,0.095791,0.096643,0.095501,0.096643,2809
1560866400,1560869999,0.0957,0.0957,0.095024,0.095024,27981
1560870000,1560873599,0.095,0.095,0.0949,0.0949,12632
1560877200,1560880799,0.093999,0.094275,0.093999,0.094275,5577
1560888000,1560891599,0.093502,0.094895,0.093502,0.094008,3424
1560891600,1560895199,0.094,0.094,0.09344,0.09344,13881
1560895200,1560898799,0.094,0.094,0.094,0.094,2000
1560913200,1560916799,0.095551,0.095551,0.095551,0.095551,64
1560916800,1560920399,0.09685,0.09718,0.09685,0.09718,4515
1560924000,1560927599,0.097181,0.097181,0.097181,0.097181,500
1560952800,1560956399,0.09748,0.0977,0.09748,0.0977,145
1560960000,1560963599,0.097181,0.097424,0.097181,0.097424,10715
1560967200,1560970799,0.09762,0.097648,0.097181,0.097181,24344
1560970800,1560974399,0.097181,0.097181,0.0971,0.0971,20204
1560974400,1560977999,0.0967,0.0967,0.0967,0.0967,30
1560988800,1560992399,0.096195,0.096195,0.095002,0.095002,2502
1561010400,1561013999,0.095399,0.095999,0.095211,0.095211,31997
1561014000,1561017599,0.095211,0.095211,0.09305,0.09305,18693
1561017600,1561021199,0.09305,0.094,0.092478,0.093258,20720
1561024800,1561028399,0.093159,0.093159,0.093,0.093,937
1561028400,1561031999,0.093,0.093,0.093,0.093,253
1561032000,1561035599,0.09305,0.09305,0.092497,0.092497,9203
1561035600,1561039199,0.092488,0.09313,0.091254,0.09313,9904
1561053600,1561057199,0.0931,0.0931,0.092009,0.092829,50233
1561057200,1561060799,0.092818,0.092818,0.092194,0.092194,233
1561060800,1561064399,0.0931,0.093261,0.0931,0.09326,4063
1561064400,1561067999,0.092949,0.093262,0.092945,0.0932,3961
1561068000,1561071599,0.0931,0.093632,0.0931,0.093632,523
1561078800,1561082399,0.094,0.094728,0.093999,0.094728,19915
1561082400,1561085999,0.094088,0.094088,0.0929,0.0929,8397
1561086000,1561089599,0.092875,0.092875,0.0922,0.0922,2584
1561089600,1561093199,0.0922,0.0923,0.0922,0.0923,4280
1561093200,1561096799,0.0922,0.09261,0.0922,0.09261,3736
1561096800,1561100399,0.0925,0.0925,0.0922,0.0923,3691
1561104000,1561107599,0.092348,0.092348,0.092201,0.092201,6184
1561111200,1561114799,0.0938,0.095843,0.0938,0.095843,3323
1561114800,1561118399,0.095994,0.09675,0.095994,0.09675,2090
1561122000,1561125599,0.0945,0.0945,0.0945,0.0945,90
1561125600,1561129199,0.095943,0.095943,0.095943,0.095943,1
1561132800,1561136399,0.097,0.098,0.097,0.098,2781
1561136400,1561139999,0.098097,0.098896,0.097312,0.097312,10440
1561140000,1561143599,0.0973,0.097495,0.0967,0.0967,729
1561143600,1561147199,0.095808,0.096833,0.095805,0.095805,14234
1561154400,1561157999,0.095799,0.095799,0.095799,0.095799,3542
1561158000,1561161599,0.0958,0.0958,0.095293,0.0955,8067
1561161600,1561165199,0.09585,0.096567,0.09585,0.095991,3056
1561165200,1561168799,0.095513,0.095513,0.095185,0.095185,4900
1561168800,1561172399,0.095038,0.095703,0.094787,0.095227,24580
1561172400,1561175999,0.095703,0.096182,0.09478,0.09478,43966
1561176000,1561179599,0.095227,0.096181,0.095227,0.095511,3506
1561179600,1561183199,0.095511,0.095511,0.095093,0.095093,4543
1561186800,1561190399,0.0952,0.0953,0.0952,0.0953,1523
1561190400,1561193999,0.095351,0.097146,0.095351,0.097146,8786
1561194000,1561197599,0.0976,0.098499,0.0976,0.097925,19828
1561197600,1561201199,0.097924,0.097924,0.096953,0.097127,1343
1561201200,1561204799,0.096471,0.096471,0.095991,0.096182,1223
1561204800,1561208399,0.096663,0.09812,0.096663,0.09812,1627
1561208400,1561211999,0.0982,0.101049,0.0982,0.101049,15972
1561212000,1561215599,0.0976,0.0976,0.0958,0.097187,11991
1561215600,1561219199,0.09743,0.0985,0.09743,0.0985,29883
1561219200,1561222799,0.099402,0.099402,0.098415,0.098888,3525
1561222800,1561226399,0.099104,0.1009,0.098907,0.098907,2919
1561226400,1561229999,0.0996,0.100098,0.097925,0.097925,11210
1561230000,1561233599,0.0976,0.098301,0.097438,0.098301,16302
1561233600,1561237199,0.097925,0.098611,0.097601,0.098611,25559
1561237200,1561240799,0.098415,0.098611,0.098415,0.09861,16610
1561240800,1561244399,0.09812,0.098611,0.097925,0.098611,8234
1561244400,1561247999,0.0991,0.0991,0.0991,0.0991,25
1561248000,1561251599,0.0994,0.0994,0.098415,0.099104,1628
1561251600,1561255199,0.0994,0.100098,0.0994,0.100098,5209
1561255200,1561258799,0.1003,0.104,0.1003,0.101371,101692
1561258800,1561262399,0.1012,0.1012,0.099975,0.099985,8572
1561262400,1561265999,0.099975,0.099976,0.099975,0.099975,10108
1561273200,1561276799,0.100585,0.100598,0.100585,0.100598,6795
1561284000,1561287599,0.099975,0.099975,0.098875,0.099175,10382
1561291200,1561294799,0.0996,0.101,0.0996,0.100398,2181
1561294800,1561298399,0.1,0.100098,0.099899,0.100098,788
